{"stats":{"minecraft:dropped":{"mca:book_romance":1},"minecraft:mined":{"minecraft:hay_block":9,"minecraft:light_gray_bed":1,"minecraft:birch_fence":1},"minecraft:used":{"minecraft:birch_fence":1,"minecraft:jungle_door":1},"minecraft:picked_up":{"minecraft:cactus":3,"minecraft:birch_fence":1,"minecraft:jungle_door":1,"minecraft:light_gray_bed":1,"minecraft:hay_block":9},"minecraft:custom":{"minecraft:time_since_rest":4963,"minecraft:open_chest":21,"minecraft:interact_with_furnace":2,"minecraft:play_time":4963,"minecraft:sprint_one_cm":10783,"minecraft:walk_one_cm":9767,"minecraft:damage_taken":50,"minecraft:sneak_time":5,"minecraft:drop":1,"minecraft:jump":58,"minecraft:time_since_death":4963,"minecraft:walk_on_water_one_cm":127,"minecraft:total_world_time":4963,"minecraft:climb_one_cm":2109,"minecraft:fall_one_cm":2493,"minecraft:fly_one_cm":12591,"minecraft:horse_one_cm":2642}},"DataVersion":3465}