{"stats":{"minecraft:mined":{"minecraft:potatoes":20,"minecraft:beetroots":22,"minecraft:jungle_wood":16,"minecraft:carrots":20,"minecraft:tall_grass":1,"minecraft:wheat":20,"minecraft:moss_carpet":1},"minecraft:used":{"minecraft:wooden_axe":17,"minecraft:moss_carpet":1,"minecraft:crafting_table":1,"minecraft:bread":1},"minecraft:picked_up":{"minecraft:wheat":7,"minecraft:cactus":2,"minecraft:beetroot":14,"minecraft:beetroot_seeds":41,"minecraft:wheat_seeds":31,"minecraft:jungle_wood":11,"minecraft:potato":47,"minecraft:carrot":58,"minecraft:moss_carpet":1},"minecraft:custom":{"minecraft:time_since_rest":5842,"minecraft:open_chest":9,"minecraft:waystone_activated":1,"minecraft:play_time":5842,"minecraft:sprint_one_cm":24348,"minecraft:walk_one_cm":7822,"minecraft:walk_under_water_one_cm":53,"minecraft:jump":53,"minecraft:time_since_death":5842,"minecraft:walk_on_water_one_cm":848,"minecraft:total_world_time":5842,"minecraft:climb_one_cm":323,"minecraft:swim_one_cm":424,"minecraft:interact_with_crafting_table":4,"minecraft:fall_one_cm":894,"minecraft:fly_one_cm":11016},"minecraft:crafted":{"minecraft:wooden_hoe":1,"minecraft:crafting_table":1,"minecraft:jungle_planks":32,"minecraft:wooden_axe":1}},"DataVersion":3465}